{
  "src": [
    "dodoaudio.m4a"
  ],
  "sprite": {
      "announcer-dominating": [
      0,
          1567.3469387755101
    ],
      "announcer-doublekill": [
          3000,
          1697.9591836734694
    ],
      "announcer-firstblood": [
      6000,
          1483.2199546485256
    ],
      "announcer-godlike": [
          9000,
          1451.2471655328802
    ],
      "announcer-headshot": [
      12000,
          1277.0975056689338
    ],
      "announcer-killingspree": [
      15000,
          1848.6167800453509
    ],
      "announcer-megakill": [
          18000,
          1773.4240362811775
    ],
      "announcer-monsterkill": [
      21000,
          4103.764172335602
    ],
      "announcer-multikill": [
          27000,
          1924.3537414965992
    ],
      "announcer-prepare": [
      30000,
          1991.1111111111097
    ],
      "announcer-rampage": [
          33000,
          1729.6145124716559
    ],
      "announcer-triplekill": [
      36000,
          1645.4421768707448
    ],
      "announcer-ultrakill": [
          39000,
          1991.1111111111097
    ],
      "announcer-unstoppable": [
      42000,
          1961.85941043084
    ],
      "announcer-winner": [
          45000,
          3018.5941043083913
    ],
      "bg-menu": [
      50000,
          254432.65306122453
    ]
  }
}