{
  "src": [
    "dodoaudio.m4a"
  ],
  "sprite": {
    "AMAZING": [
      0,
      486.16780045351476
    ],
    "BORING": [
      2000,
      439.7278911564628
    ],
    "BRILLIANT": [
      4000,
      393.2879818594106
    ],
    "BUMMER": [
      6000,
      555.8276643990929
    ],
    "BUNGEE": [
      8000,
      625.4875283446709
    ],
    "BYEBYE": [
      10000,
      532.6077097505664
    ],
    "COLLECT": [
      12000,
      1205.9863945578222
    ],
    "COMEONTHEN": [
      15000,
      695.1473922902487
    ],
    "COWARD": [
      17000,
      532.6077097505681
    ],
    "DRAGONPUNCH": [
      19000,
      462.94784580499027
    ],
    "DROP": [
      21000,
      1136.3265306122444
    ],
    "EXCELLENT": [
      24000,
      393.28798185940883
    ],
    "FATALITY": [
      26000,
      671.9274376417239
    ],
    "FIRE": [
      28000,
      370.06802721088405
    ],
    "FIREBALL": [
      30000,
      509.3877551020398
    ],
    "FIRSTBLOOD": [
      32000,
      671.9274376417204
    ],
    "FLAWLESS": [
      34000,
      764.8072562358266
    ],
    "GOAWAY": [
      36000,
      532.6077097505646
    ],
    "GRENADE": [
      38000,
      764.8072562358266
    ],
    "HELLO": [
      40000,
      370.06802721088405
    ],
    "HURRY": [
      42000,
      300.4081632653026
    ],
    "ILLGETYOU": [
      44000,
      671.9274376417204
    ],
    "INCOMING": [
      46000,
      671.9274376417204
    ],
    "JUMP1": [
      48000,
      161.08843537414685
    ],
    "JUMP2": [
      50000,
      184.30839002267874
    ],
    "JUSTYOUWAIT": [
      52000,
      741.5873015873018
    ],
    "KAMIKAZE": [
      54000,
      718.367346938777
    ],
    "LAUGH": [
      56000,
      602.267573696146
    ],
    "LEAVEMEALONE": [
      58000,
      671.9274376417204
    ],
    "MISSED": [
      60000,
      555.8276643990894
    ],
    "NOOO": [
      62000,
      741.5873015873018
    ],
    "OHDEAR": [
      64000,
      462.94784580499027
    ],
    "OINUTTER": [
      66000,
      741.5873015873018
    ],
    "OOFF1": [
      68000,
      300.4081632653026
    ],
    "OOFF2": [
      70000,
      253.96825396825307
    ],
    "OOFF3": [
      72000,
      184.30839002267874
    ],
    "OOPS": [
      74000,
      648.7074829932027
    ],
    "ORDERS": [
      76000,
      1298.866213151925
    ],
    "OUCH": [
      79000,
      439.7278911564655
    ],
    "OW1": [
      81000,
      253.96825396825307
    ],
    "OW2": [
      83000,
      184.30839002267874
    ],
    "OW3": [
      85000,
      300.4081632653026
    ],
    "PERFECT": [
      87000,
      671.9274376417275
    ],
    "REVENGE": [
      89000,
      1391.7460317460382
    ],
    "RUNAWAY": [
      92000,
      927.3469387755142
    ],
    "STUPID": [
      94000,
      788.0272108843513
    ],
    "TAKECOVER": [
      96000,
      462.94784580499027
    ],
    "TRAITOR": [
      98000,
      625.4875283446779
    ],
    "UH-OH": [
      100000,
      788.0272108843513
    ],
    "VICTORY": [
      102000,
      718.367346938777
    ],
    "WATCHTHIS": [
      104000,
      648.7074829932027
    ],
    "WHATTHE": [
      106000,
      764.8072562358266
    ],
    "YESSIR": [
      108000,
      602.2675736961389
    ],
    "YOULLREGRETTHAT": [
      110000,
      927.3469387755142
    ],
      "0-5050": [
          112000,
          5015.510204081636
      ],
      "0-Closing": [
          119000,
          34377.14285714287
      ],
      "0-Commercials": [
          155000,
          13322.448979591825
      ],
      "0-Explain": [
          170000,
          60107.755102040814
      ],
      "0-Goodbye": [
          232000,
          12617.142857142851
      ],
      "0-Phone": [
          246000,
          46367.34693877554
      ],
      "0-Theme": [
          294000,
          34011.42857142855
      ],
      "0-Timesup": [
          330000,
          5302.857142857136
      ],
      "0-WinMillion": [
          337000,
          22674.285714285703
      ],
      "1-Background": [
          361000,
          55666.93877551018
      ],
      "1-Letsplay": [
          418000,
          4231.836734693899
      ],
      "1-Progress": [
          424000,
          17763.265306122434
      ],
      "2-Background": [
          443000,
          159973.87755102044
      ],
      "2-Final": [
          604000,
          20819.59183673473
      ],
      "2-Letsplay": [
          626000,
          10057.142857142822
      ],
      "2-Lose": [
          638000,
          4884.897959183718
      ],
      "2-Win": [
          644000,
          7549.387755102089
      ],
      "3-Background": [
          653000,
          82207.34693877558,
          true
      ],
      "3-Final": [
          737000,
          29884.081632653077
      ],
      "3-Letsplay": [
          768000,
          10109.387755102034
      ],
      "3-Lose": [
          780000,
          5276.734693877529
      ],
      "3-Win": [
          787000,
          8124.081632653088
    ]
  }
}